from,to,status
https://thryftadvisors.com/,https://www.thryftadvisors.com/,301
/contact,/contact-us,301
/node/5,/,301
/node/1,/about,301
/node/2,/contact-us,301
/node/3,/services,301
/node/4,/faq,301
/node/44,/terms-conditions,301
/node/45,/privacy-policy,301
/node/47,/think-you-cant-save-shipping-think-again,301
/node/48,/savings-oh-so-annoying-accounts-payable,301
/node/49,/cares-act-and-cost-segregation,301
/node/50,/services/tax-incentives/workforce-hiring-incentive,301
/node/51,/services/tax-incentives/r-d-tax-credit,301
/node/52,/services/tax-incentives/property-tax-mitigation,301
/node/53,/services/tax-incentives/cost-segregation,301
/node/54,/tax-incentives,301
/node/55,/services/specialized-savings/same-day-pay-employee-digital-wallet,301
/node/56,/specialized-savings,301
/node/57,/expense-reduction,301
/node/58,/services/specialized-savings/gas-electric-bills,301
/node/59,/services/specialized-savings/employee-health-benefits-billing-transparency,301
/node/60,/services/specialized-savings/class-action-claims,301
/node/61,/services/specialized-savings/accounts-payable-automation,301
/node/62,/services/expense-reduction/zero-cost-card-processing,301
/node/63,/services/expense-reduction/workers-comp-premium,301
/services/expense-reduction/worker’s-comp-premium,/services/expense-reduction/workers-comp-premium,301
/node/64,/services/expense-reduction/wireless-bills,301
/node/65,/services/expense-reduction/waste-recycle-bills,301
/node/66,/services/expense-reduction/shipping-freight-platform,301
/node/67,/services/expense-reduction/parcel-shipping-bills,301
/node/68,/services/expense-reduction/credit-card-fees,301
/node/69,/services/expense-reduction/copier-printer-charges,301
